{
  "46": 1,
  "137": 0,
  "74": 1,
  "109": 0,
  "104": 1,
  "35": 0,
  "18": 1,
  "31": 1,
  "68": 1,
  "9": 1,
  "84": 1,
  "83": 0,
  "134": 1,
  "88": 1,
  "67": 1,
  "112": 0,
  "79": 0,
  "55": 1,
  "12": 0,
  "13": 1,
  "102": 1,
  "92": 0,
  "1": 1,
  "11": 0,
  "65": 1,
  "107": 0,
  "66": 0,
  "89": 0,
  "34": 1,
  "99": 1,
  "123": 1,
  "116": 0,
  "43": 0,
  "108": 1,
  "128": 1,
  "29": 1,
  "69": 1,
  "50": 1,
  "5": 1,
  "39": 0,
  "19": 1,
  "113": 0,
  "139": 1,
  "71": 0,
  "26": 1,
  "117": 0,
  "6": 1,
  "76": 1,
  "17": 0,
  "20": 1,
  "10": 1,
  "122": 0,
  "62": 1,
  "36": 1,
  "73": 1,
  "98": 0,
  "25": 1,
  "120": 1,
  "105": 0,
  "57": 1,
  "106": 0,
  "118": 0,
  "126": 1,
  "4": 1,
  "125": 1,
  "40": 1,
  "96": 0,
  "45": 0,
  "54": 1,
  "8": 1,
  "32": 1,
  "14": 0,
  "63": 0,
  "41": 1,
  "23": 1,
  "90": 1,
  "100": 1,
  "138": 1,
  "130": 0,
  "48": 1
}